{
  "AA-11-BB-22-CC-01": {
    "ei": 1001.4118537952163,
    "eo": 528.4192626657988,
    "ts": 62801
  },
  "AA-11-BB-22-CC-02": {
    "ei": 1001.4105217280977,
    "eo": 559.9134758499544,
    "ts": 88250
  },
  "AA-11-BB-22-CC-03": {
    "ei": 1004.3960583043345,
    "eo": 500.0,
    "ts": 126457
  },
  "AA-11-BB-22-CC-04": {
    "ei": 1004.3944111351677,
    "eo": 500.0,
    "ts": 55872
  }
}